id,submission_time,view_number,vote_number,title,message,image
2,1590069908,42,39,Question 2,"Lorem ipsum dolor sit amet, consectetur adipiscing elit. Morbi vitae commodo lectus, a varius ante. Suspendisse at libero nec neque laoreet convallis. Vivamus sed laoreet eros. Morbi sit amet quam iaculis purus euismod dictum sit amet id risus. Vivamus dignissim sodales augue vel tempor. Vestibulum quis iaculis sem. Morbi sit amet tempor risus. Sed ex lorem, volutpat et eleifend ut, tempor eget lectus. Nunc non elit mauris. Donec sit amet libero et libero semper efficitur. Cras sed dolor risus. Sed neque est, interdum nec justo sit amet, iaculis egestas enim. Sed quis placerat felis. Quisque blandit feugiat consectetur. Praesent sit amet tellus imperdiet, dictum nisi nec, venenatis risus. Nunc eu convallis nibh, eu aliquet metus. ",q_2_img2.jpg
3,1590069917,36,-6,Question 3,"Lorem ipsum dolor sit amet, consectetur adipiscing elit. Morbi vitae commodo lectus, a varius ante. Suspendisse at libero nec neque laoreet convallis. Vivamus sed laoreet eros. Morbi sit amet quam iaculis purus euismod dictum sit amet id risus. Vivamus dignissim sodales augue vel tempor. Vestibulum quis iaculis sem. Morbi sit amet tempor risus. Sed ex lorem, volutpat et eleifend ut, tempor eget lectus. Nunc non elit mauris. Donec sit amet libero et libero semper efficitur. Cras sed dolor risus. Sed neque est, interdum nec justo sit amet, iaculis egestas enim. Sed quis placerat felis. Quisque blandit feugiat consectetur. Praesent sit amet tellus imperdiet, dictum nisi nec, venenatis risus. Nunc eu convallis nibh, eu aliquet metus. ",q_3_img3.jpg
4,1590069925,89,2,Question 4,"Lorem ipsum dolor sit amet, consectetur adipiscing elit. Morbi vitae commodo lectus, a varius ante. Suspendisse at libero nec neque laoreet convallis. Vivamus sed laoreet eros. Morbi sit amet quam iaculis purus euismod dictum sit amet id risus. Vivamus dignissim sodales augue vel tempor. Vestibulum quis iaculis sem. Morbi sit amet tempor risus. Sed ex lorem, volutpat et eleifend ut, tempor eget lectus. Nunc non elit mauris. Donec sit amet libero et libero semper efficitur. Cras sed dolor risus. Sed neque est, interdum nec justo sit amet, iaculis egestas enim. Sed quis placerat felis. Quisque blandit feugiat consectetur. Praesent sit amet tellus imperdiet, dictum nisi nec, venenatis risus. Nunc eu convallis nibh, eu aliquet metus. ",
5,1590069934,16,0,Question 5,"Lorem ipsum dolor sit amet, consectetur adipiscing elit. Morbi vitae commodo lectus, a varius ante. Suspendisse at libero nec neque laoreet convallis. Vivamus sed laoreet eros. Morbi sit amet quam iaculis purus euismod dictum sit amet id risus. Vivamus dignissim sodales augue vel tempor. Vestibulum quis iaculis sem. Morbi sit amet tempor risus. Sed ex lorem, volutpat et eleifend ut, tempor eget lectus. Nunc non elit mauris. Donec sit amet libero et libero semper efficitur. Cras sed dolor risus. Sed neque est, interdum nec justo sit amet, iaculis egestas enim. Sed quis placerat felis. Quisque blandit feugiat consectetur. Praesent sit amet tellus imperdiet, dictum nisi nec, venenatis risus. Nunc eu convallis nibh, eu aliquet metus. ",q_5_img4.jpg
6,1590069940,37,-15,Question 6,"Lorem ipsum dolor sit amet, consectetur adipiscing elit. Morbi vitae commodo lectus, a varius ante. Suspendisse at libero nec neque laoreet convallis. Vivamus sed laoreet eros. Morbi sit amet quam iaculis purus euismod dictum sit amet id risus. Vivamus dignissim sodales augue vel tempor. Vestibulum quis iaculis sem. Morbi sit amet tempor risus. Sed ex lorem, volutpat et eleifend ut, tempor eget lectus. Nunc non elit mauris. Donec sit amet libero et libero semper efficitur. Cras sed dolor risus. Sed neque est, interdum nec justo sit amet, iaculis egestas enim. Sed quis placerat felis. Quisque blandit feugiat consectetur. Praesent sit amet tellus imperdiet, dictum nisi nec, venenatis risus. Nunc eu convallis nibh, eu aliquet metus. ",
7,1590069945,3,8,Question 7,"Lorem ipsum dolor sit amet, consectetur adipiscing elit. Morbi vitae commodo lectus, a varius ante. Suspendisse at libero nec neque laoreet convallis. Vivamus sed laoreet eros. Morbi sit amet quam iaculis purus euismod dictum sit amet id risus. Vivamus dignissim sodales augue vel tempor. Vestibulum quis iaculis sem. Morbi sit amet tempor risus. Sed ex lorem, volutpat et eleifend ut, tempor eget lectus. Nunc non elit mauris. Donec sit amet libero et libero semper efficitur. Cras sed dolor risus. Sed neque est, interdum nec justo sit amet, iaculis egestas enim. Sed quis placerat felis. Quisque blandit feugiat consectetur. Praesent sit amet tellus imperdiet, dictum nisi nec, venenatis risus. Nunc eu convallis nibh, eu aliquet metus. ",
8,1590069953,18,19,Question 8,"Lorem ipsum dolor sit amet, consectetur adipiscing elit. Morbi vitae commodo lectus, a varius ante. Suspendisse at libero nec neque laoreet convallis. Vivamus sed laoreet eros. Morbi sit amet quam iaculis purus euismod dictum sit amet id risus. Vivamus dignissim sodales augue vel tempor. Vestibulum quis iaculis sem. Morbi sit amet tempor risus. Sed ex lorem, volutpat et eleifend ut, tempor eget lectus. Nunc non elit mauris. Donec sit amet libero et libero semper efficitur. Cras sed dolor risus. Sed neque est, interdum nec justo sit amet, iaculis egestas enim. Sed quis placerat felis. Quisque blandit feugiat consectetur. Praesent sit amet tellus imperdiet, dictum nisi nec, venenatis risus. Nunc eu convallis nibh, eu aliquet metus. ",q_8_imgx3.jpg
