id,submission_time,vote_number,question_id,message,image
1,1590069960,15,1,"Lorem ipsum dolor sit amet, consectetur adipiscing elit. Morbi vitae commodo lectus, a varius ante. Suspendisse at libero nec neque laoreet convallis. Vivamus sed laoreet eros. Morbi sit amet quam iaculis purus euismod dictum sit amet id risus. Vivamus dignissim sodales augue vel tempor. Vestibulum quis iaculis sem. Morbi sit amet tempor risus. Sed ex lorem, volutpat et eleifend ut, tempor eget lectus. Nunc non elit mauris. Donec sit amet libero et libero semper efficitur. Cras sed dolor risus. Sed neque est, interdum nec justo sit amet, iaculis egestas enim. Sed quis placerat felis. Quisque blandit feugiat consectetur. Praesent sit amet tellus imperdiet, dictum nisi nec, venenatis risus. Nunc eu convallis nibh, eu aliquet metus. ",
2,1590069962,5,1,"Lorem ipsum dolor sit amet, consectetur adipiscing elit. Morbi vitae commodo lectus, a varius ante. Suspendisse at libero nec neque laoreet convallis. Vivamus sed laoreet eros. Morbi sit amet quam iaculis purus euismod dictum sit amet id risus. Vivamus dignissim sodales augue vel tempor. Vestibulum quis iaculis sem. Morbi sit amet tempor risus. Sed ex lorem, volutpat et eleifend ut, tempor eget lectus. Nunc non elit mauris. Donec sit amet libero et libero semper efficitur. Cras sed dolor risus. Sed neque est, interdum nec justo sit amet, iaculis egestas enim. Sed quis placerat felis. Quisque blandit feugiat consectetur. Praesent sit amet tellus imperdiet, dictum nisi nec, venenatis risus. Nunc eu convallis nibh, eu aliquet metus. ",
4,1590069971,8,1,"Lorem ipsum dolor sit amet, consectetur adipiscing elit. Morbi vitae commodo lectus, a varius ante. Suspendisse at libero nec neque laoreet convallis. Vivamus sed laoreet eros. Morbi sit amet quam iaculis purus euismod dictum sit amet id risus. Vivamus dignissim sodales augue vel tempor. Vestibulum quis iaculis sem. Morbi sit amet tempor risus. Sed ex lorem, volutpat et eleifend ut, tempor eget lectus. Nunc non elit mauris. Donec sit amet libero et libero semper efficitur. Cras sed dolor risus. Sed neque est, interdum nec justo sit amet, iaculis egestas enim. Sed quis placerat felis. Quisque blandit feugiat consectetur. Praesent sit amet tellus imperdiet, dictum nisi nec, venenatis risus. Nunc eu convallis nibh, eu aliquet metus. ",a_4_img2.jpg
5,1590069973,11,1,"Lorem ipsum dolor sit amet, consectetur adipiscing elit. Morbi vitae commodo lectus, a varius ante. Suspendisse at libero nec neque laoreet convallis. Vivamus sed laoreet eros. Morbi sit amet quam iaculis purus euismod dictum sit amet id risus. Vivamus dignissim sodales augue vel tempor. Vestibulum quis iaculis sem. Morbi sit amet tempor risus. Sed ex lorem, volutpat et eleifend ut, tempor eget lectus. Nunc non elit mauris. Donec sit amet libero et libero semper efficitur. Cras sed dolor risus. Sed neque est, interdum nec justo sit amet, iaculis egestas enim. Sed quis placerat felis. Quisque blandit feugiat consectetur. Praesent sit amet tellus imperdiet, dictum nisi nec, venenatis risus. Nunc eu convallis nibh, eu aliquet metus. ",
6,1590069977,-3,1,"Lorem ipsum dolor sit amet, consectetur adipiscing elit. Morbi vitae commodo lectus, a varius ante. Suspendisse at libero nec neque laoreet convallis. Vivamus sed laoreet eros. Morbi sit amet quam iaculis purus euismod dictum sit amet id risus. Vivamus dignissim sodales augue vel tempor. Vestibulum quis iaculis sem. Morbi sit amet tempor risus. Sed ex lorem, volutpat et eleifend ut, tempor eget lectus. Nunc non elit mauris. Donec sit amet libero et libero semper efficitur. Cras sed dolor risus. Sed neque est, interdum nec justo sit amet, iaculis egestas enim. Sed quis placerat felis. Quisque blandit feugiat consectetur. Praesent sit amet tellus imperdiet, dictum nisi nec, venenatis risus. Nunc eu convallis nibh, eu aliquet metus. ",a_6_img4.jpg
7,1590069989,90,2,"Lorem ipsum dolor sit amet, consectetur adipiscing elit. Morbi vitae commodo lectus, a varius ante. Suspendisse at libero nec neque laoreet convallis. Vivamus sed laoreet eros. Morbi sit amet quam iaculis purus euismod dictum sit amet id risus. Vivamus dignissim sodales augue vel tempor. Vestibulum quis iaculis sem. Morbi sit amet tempor risus. Sed ex lorem, volutpat et eleifend ut, tempor eget lectus. Nunc non elit mauris. Donec sit amet libero et libero semper efficitur. Cras sed dolor risus. Sed neque est, interdum nec justo sit amet, iaculis egestas enim. Sed quis placerat felis. Quisque blandit feugiat consectetur. Praesent sit amet tellus imperdiet, dictum nisi nec, venenatis risus. Nunc eu convallis nibh, eu aliquet metus. ",a_7_imgx3.jpg
8,1590069993,17,2,"Lorem ipsum dolor sit amet, consectetur adipiscing elit. Morbi vitae commodo lectus, a varius ante. Suspendisse at libero nec neque laoreet convallis. Vivamus sed laoreet eros. Morbi sit amet quam iaculis purus euismod dictum sit amet id risus. Vivamus dignissim sodales augue vel tempor. Vestibulum quis iaculis sem. Morbi sit amet tempor risus. Sed ex lorem, volutpat et eleifend ut, tempor eget lectus. Nunc non elit mauris. Donec sit amet libero et libero semper efficitur. Cras sed dolor risus. Sed neque est, interdum nec justo sit amet, iaculis egestas enim. Sed quis placerat felis. Quisque blandit feugiat consectetur. Praesent sit amet tellus imperdiet, dictum nisi nec, venenatis risus. Nunc eu convallis nibh, eu aliquet metus. ",a_8_img4.jpg
9,1590069997,-12,2,"Lorem ipsum dolor sit amet, consectetur adipiscing elit. Morbi vitae commodo lectus, a varius ante. Suspendisse at libero nec neque laoreet convallis. Vivamus sed laoreet eros. Morbi sit amet quam iaculis purus euismod dictum sit amet id risus. Vivamus dignissim sodales augue vel tempor. Vestibulum quis iaculis sem. Morbi sit amet tempor risus. Sed ex lorem, volutpat et eleifend ut, tempor eget lectus. Nunc non elit mauris. Donec sit amet libero et libero semper efficitur. Cras sed dolor risus. Sed neque est, interdum nec justo sit amet, iaculis egestas enim. Sed quis placerat felis. Quisque blandit feugiat consectetur. Praesent sit amet tellus imperdiet, dictum nisi nec, venenatis risus. Nunc eu convallis nibh, eu aliquet metus. ",a_9_img3.jpg
11,1590070001,6,2,"Lorem ipsum dolor sit amet, consectetur adipiscing elit. Morbi vitae commodo lectus, a varius ante. Suspendisse at libero nec neque laoreet convallis. Vivamus sed laoreet eros. Morbi sit amet quam iaculis purus euismod dictum sit amet id risus. Vivamus dignissim sodales augue vel tempor. Vestibulum quis iaculis sem. Morbi sit amet tempor risus. Sed ex lorem, volutpat et eleifend ut, tempor eget lectus. Nunc non elit mauris. Donec sit amet libero et libero semper efficitur. Cras sed dolor risus. Sed neque est, interdum nec justo sit amet, iaculis egestas enim. Sed quis placerat felis. Quisque blandit feugiat consectetur. Praesent sit amet tellus imperdiet, dictum nisi nec, venenatis risus. Nunc eu convallis nibh, eu aliquet metus. ",
13,1590070020,0,3,,a_13_img2.jpg
14,1590070023,-3,3,,a_14_img3.jpg
15,1590070027,16,3,,a_15_img4.jpg
16,1590070031,41,3,,a_16_imgx1.jpg
17,1590070034,3,3,,a_17_imgx2.jpg
18,1590070038,2,3,,a_18_imgx3.jpg
19,1590070046,1,4,"Lorem ipsum dolor sit amet, consectetur adipiscing elit. Morbi vitae commodo lectus, a varius ante. Suspendisse at libero nec neque laoreet convallis. Vivamus sed laoreet eros. Morbi sit amet quam iaculis purus euismod dictum sit amet id risus. Vivamus dignissim sodales augue vel tempor. Vestibulum quis iaculis sem. Morbi sit amet tempor risus. Sed ex lorem, volutpat et eleifend ut, tempor eget lectus. Nunc non elit mauris. Donec sit amet libero et libero semper efficitur. Cras sed dolor risus. Sed neque est, interdum nec justo sit amet, iaculis egestas enim. Sed quis placerat felis. Quisque blandit feugiat consectetur. Praesent sit amet tellus imperdiet, dictum nisi nec, venenatis risus. Nunc eu convallis nibh, eu aliquet metus. ",
20,1590070048,15,4,"Lorem ipsum dolor sit amet, consectetur adipiscing elit. Morbi vitae commodo lectus, a varius ante. Suspendisse at libero nec neque laoreet convallis. Vivamus sed laoreet eros. Morbi sit amet quam iaculis purus euismod dictum sit amet id risus. Vivamus dignissim sodales augue vel tempor. Vestibulum quis iaculis sem. Morbi sit amet tempor risus. Sed ex lorem, volutpat et eleifend ut, tempor eget lectus. Nunc non elit mauris. Donec sit amet libero et libero semper efficitur. Cras sed dolor risus. Sed neque est, interdum nec justo sit amet, iaculis egestas enim. Sed quis placerat felis. Quisque blandit feugiat consectetur. Praesent sit amet tellus imperdiet, dictum nisi nec, venenatis risus. Nunc eu convallis nibh, eu aliquet metus. ",
21,1590070052,12,4,"Lorem ipsum dolor sit amet, consectetur adipiscing elit. Morbi vitae commodo lectus, a varius ante. Suspendisse at libero nec neque laoreet convallis. Vivamus sed laoreet eros. Morbi sit amet quam iaculis purus euismod dictum sit amet id risus. Vivamus dignissim sodales augue vel tempor. Vestibulum quis iaculis sem. Morbi sit amet tempor risus. Sed ex lorem, volutpat et eleifend ut, tempor eget lectus. Nunc non elit mauris. Donec sit amet libero et libero semper efficitur. Cras sed dolor risus. Sed neque est, interdum nec justo sit amet, iaculis egestas enim. Sed quis placerat felis. Quisque blandit feugiat consectetur. Praesent sit amet tellus imperdiet, dictum nisi nec, venenatis risus. Nunc eu convallis nibh, eu aliquet metus. ",a_21_imgx1.jpg
22,1590070056,-1,4,"Lorem ipsum dolor sit amet, consectetur adipiscing elit. Morbi vitae commodo lectus, a varius ante. Suspendisse at libero nec neque laoreet convallis. Vivamus sed laoreet eros. Morbi sit amet quam iaculis purus euismod dictum sit amet id risus. Vivamus dignissim sodales augue vel tempor. Vestibulum quis iaculis sem. Morbi sit amet tempor risus. Sed ex lorem, volutpat et eleifend ut, tempor eget lectus. Nunc non elit mauris. Donec sit amet libero et libero semper efficitur. Cras sed dolor risus. Sed neque est, interdum nec justo sit amet, iaculis egestas enim. Sed quis placerat felis. Quisque blandit feugiat consectetur. Praesent sit amet tellus imperdiet, dictum nisi nec, venenatis risus. Nunc eu convallis nibh, eu aliquet metus. ",a_22_img2.jpg
23,1590070065,9,5,"Lorem ipsum dolor sit amet, consectetur adipiscing elit. Morbi vitae commodo lectus, a varius ante. Suspendisse at libero nec neque laoreet convallis. Vivamus sed laoreet eros. Morbi sit amet quam iaculis purus euismod dictum sit amet id risus. Vivamus dignissim sodales augue vel tempor. Vestibulum quis iaculis sem. Morbi sit amet tempor risus. Sed ex lorem, volutpat et eleifend ut, tempor eget lectus. Nunc non elit mauris. Donec sit amet libero et libero semper efficitur. Cras sed dolor risus. Sed neque est, interdum nec justo sit amet, iaculis egestas enim. Sed quis placerat felis. Quisque blandit feugiat consectetur. Praesent sit amet tellus imperdiet, dictum nisi nec, venenatis risus. Nunc eu convallis nibh, eu aliquet metus. ",a_23_img3.jpg
24,1590070067,19,5,,
25,1590070068,7,5,"Lorem ipsum dolor sit amet, consectetur adipiscing elit. Morbi vitae commodo lectus, a varius ante. Suspendisse at libero nec neque laoreet convallis. Vivamus sed laoreet eros. Morbi sit amet quam iaculis purus euismod dictum sit amet id risus. Vivamus dignissim sodales augue vel tempor. Vestibulum quis iaculis sem. Morbi sit amet tempor risus. Sed ex lorem, volutpat et eleifend ut, tempor eget lectus. Nunc non elit mauris. Donec sit amet libero et libero semper efficitur. Cras sed dolor risus. Sed neque est, interdum nec justo sit amet, iaculis egestas enim. Sed quis placerat felis. Quisque blandit feugiat consectetur. Praesent sit amet tellus imperdiet, dictum nisi nec, venenatis risus. Nunc eu convallis nibh, eu aliquet metus. ",
26,1590070078,3,6,"Lorem ipsum dolor sit amet, consectetur adipiscing elit. Morbi vitae commodo lectus, a varius ante. Suspendisse at libero nec neque laoreet convallis. Vivamus sed laoreet eros. Morbi sit amet quam iaculis purus euismod dictum sit amet id risus. Vivamus dignissim sodales augue vel tempor. Vestibulum quis iaculis sem. Morbi sit amet tempor risus. Sed ex lorem, volutpat et eleifend ut, tempor eget lectus. Nunc non elit mauris. Donec sit amet libero et libero semper efficitur. Cras sed dolor risus. Sed neque est, interdum nec justo sit amet, iaculis egestas enim. Sed quis placerat felis. Quisque blandit feugiat consectetur. Praesent sit amet tellus imperdiet, dictum nisi nec, venenatis risus. Nunc eu convallis nibh, eu aliquet metus. ",a_26_img4.jpg
27,1590070082,5,6,"Lorem ipsum dolor sit amet, consectetur adipiscing elit. Morbi vitae commodo lectus, a varius ante. Suspendisse at libero nec neque laoreet convallis. Vivamus sed laoreet eros. Morbi sit amet quam iaculis purus euismod dictum sit amet id risus. Vivamus dignissim sodales augue vel tempor. Vestibulum quis iaculis sem. Morbi sit amet tempor risus. Sed ex lorem, volutpat et eleifend ut, tempor eget lectus. Nunc non elit mauris. Donec sit amet libero et libero semper efficitur. Cras sed dolor risus. Sed neque est, interdum nec justo sit amet, iaculis egestas enim. Sed quis placerat felis. Quisque blandit feugiat consectetur. Praesent sit amet tellus imperdiet, dictum nisi nec, venenatis risus. Nunc eu convallis nibh, eu aliquet metus. ",a_27_imgx2.jpg
28,1590070086,2,6,"Lorem ipsum dolor sit amet, consectetur adipiscing elit. Morbi vitae commodo lectus, a varius ante. Suspendisse at libero nec neque laoreet convallis. Vivamus sed laoreet eros. Morbi sit amet quam iaculis purus euismod dictum sit amet id risus. Vivamus dignissim sodales augue vel tempor. Vestibulum quis iaculis sem. Morbi sit amet tempor risus. Sed ex lorem, volutpat et eleifend ut, tempor eget lectus. Nunc non elit mauris. Donec sit amet libero et libero semper efficitur. Cras sed dolor risus. Sed neque est, interdum nec justo sit amet, iaculis egestas enim. Sed quis placerat felis. Quisque blandit feugiat consectetur. Praesent sit amet tellus imperdiet, dictum nisi nec, venenatis risus. Nunc eu convallis nibh, eu aliquet metus. ",
29,1590070093,2,7,"Lorem ipsum dolor sit amet, consectetur adipiscing elit. Morbi vitae commodo lectus, a varius ante. Suspendisse at libero nec neque laoreet convallis. Vivamus sed laoreet eros. Morbi sit amet quam iaculis purus euismod dictum sit amet id risus. Vivamus dignissim sodales augue vel tempor. Vestibulum quis iaculis sem. Morbi sit amet tempor risus. Sed ex lorem, volutpat et eleifend ut, tempor eget lectus. Nunc non elit mauris. Donec sit amet libero et libero semper efficitur. Cras sed dolor risus. Sed neque est, interdum nec justo sit amet, iaculis egestas enim. Sed quis placerat felis. Quisque blandit feugiat consectetur. Praesent sit amet tellus imperdiet, dictum nisi nec, venenatis risus. Nunc eu convallis nibh, eu aliquet metus. ",
30,1590070097,1,7,"Lorem ipsum dolor sit amet, consectetur adipiscing elit. Morbi vitae commodo lectus, a varius ante. Suspendisse at libero nec neque laoreet convallis. Vivamus sed laoreet eros. Morbi sit amet quam iaculis purus euismod dictum sit amet id risus. Vivamus dignissim sodales augue vel tempor. Vestibulum quis iaculis sem. Morbi sit amet tempor risus. Sed ex lorem, volutpat et eleifend ut, tempor eget lectus. Nunc non elit mauris. Donec sit amet libero et libero semper efficitur. Cras sed dolor risus. Sed neque est, interdum nec justo sit amet, iaculis egestas enim. Sed quis placerat felis. Quisque blandit feugiat consectetur. Praesent sit amet tellus imperdiet, dictum nisi nec, venenatis risus. Nunc eu convallis nibh, eu aliquet metus. ",a_30_imgx1.jpg
33,1590070106,1,7,"Lorem ipsum dolor sit amet, consectetur adipiscing elit. Morbi vitae commodo lectus, a varius ante. Suspendisse at libero nec neque laoreet convallis. Vivamus sed laoreet eros. Morbi sit amet quam iaculis purus euismod dictum sit amet id risus. Vivamus dignissim sodales augue vel tempor. Vestibulum quis iaculis sem. Morbi sit amet tempor risus. Sed ex lorem, volutpat et eleifend ut, tempor eget lectus. Nunc non elit mauris. Donec sit amet libero et libero semper efficitur. Cras sed dolor risus. Sed neque est, interdum nec justo sit amet, iaculis egestas enim. Sed quis placerat felis. Quisque blandit feugiat consectetur. Praesent sit amet tellus imperdiet, dictum nisi nec, venenatis risus. Nunc eu convallis nibh, eu aliquet metus. ",
34,1590070111,7,7,"Lorem ipsum dolor sit amet, consectetur adipiscing elit. Morbi vitae commodo lectus, a varius ante. Suspendisse at libero nec neque laoreet convallis. Vivamus sed laoreet eros. Morbi sit amet quam iaculis purus euismod dictum sit amet id risus. Vivamus dignissim sodales augue vel tempor. Vestibulum quis iaculis sem. Morbi sit amet tempor risus. Sed ex lorem, volutpat et eleifend ut, tempor eget lectus. Nunc non elit mauris. Donec sit amet libero et libero semper efficitur. Cras sed dolor risus. Sed neque est, interdum nec justo sit amet, iaculis egestas enim. Sed quis placerat felis. Quisque blandit feugiat consectetur. Praesent sit amet tellus imperdiet, dictum nisi nec, venenatis risus. Nunc eu convallis nibh, eu aliquet metus. ",a_34_imgx3.jpg
35,1590070119,16,8,"Lorem ipsum dolor sit amet, consectetur adipiscing elit. Morbi vitae commodo lectus, a varius ante. Suspendisse at libero nec neque laoreet convallis. Vivamus sed laoreet eros. Morbi sit amet quam iaculis purus euismod dictum sit amet id risus. Vivamus dignissim sodales augue vel tempor. Vestibulum quis iaculis sem. Morbi sit amet tempor risus. Sed ex lorem, volutpat et eleifend ut, tempor eget lectus. Nunc non elit mauris. Donec sit amet libero et libero semper efficitur. Cras sed dolor risus. Sed neque est, interdum nec justo sit amet, iaculis egestas enim. Sed quis placerat felis. Quisque blandit feugiat consectetur. Praesent sit amet tellus imperdiet, dictum nisi nec, venenatis risus. Nunc eu convallis nibh, eu aliquet metus. ",
36,1590070123,15,8,"Lorem ipsum dolor sit amet, consectetur adipiscing elit. Morbi vitae commodo lectus, a varius ante. Suspendisse at libero nec neque laoreet convallis. Vivamus sed laoreet eros. Morbi sit amet quam iaculis purus euismod dictum sit amet id risus. Vivamus dignissim sodales augue vel tempor. Vestibulum quis iaculis sem. Morbi sit amet tempor risus. Sed ex lorem, volutpat et eleifend ut, tempor eget lectus. Nunc non elit mauris. Donec sit amet libero et libero semper efficitur. Cras sed dolor risus. Sed neque est, interdum nec justo sit amet, iaculis egestas enim. Sed quis placerat felis. Quisque blandit feugiat consectetur. Praesent sit amet tellus imperdiet, dictum nisi nec, venenatis risus. Nunc eu convallis nibh, eu aliquet metus. ",a_36_imgx2.jpg
37,1590070128,41,8,"Lorem ipsum dolor sit amet, consectetur adipiscing elit. Morbi vitae commodo lectus, a varius ante. Suspendisse at libero nec neque laoreet convallis. Vivamus sed laoreet eros. Morbi sit amet quam iaculis purus euismod dictum sit amet id risus. Vivamus dignissim sodales augue vel tempor. Vestibulum quis iaculis sem. Morbi sit amet tempor risus. Sed ex lorem, volutpat et eleifend ut, tempor eget lectus. Nunc non elit mauris. Donec sit amet libero et libero semper efficitur. Cras sed dolor risus. Sed neque est, interdum nec justo sit amet, iaculis egestas enim. Sed quis placerat felis. Quisque blandit feugiat consectetur. Praesent sit amet tellus imperdiet, dictum nisi nec, venenatis risus. Nunc eu convallis nibh, eu aliquet metus. ",a_37_abca.jpg
